<?xml version="1.0"?>
<data grt_format="2.0">
  <value _ptr_="00CFBFA8" type="list" content-type="object" content-struct-name="db.mgmt.Connection">
    <value type="object" struct-name="db.mgmt.Connection" id="{229DE65E-EB1F-4345-9A34-D4645AFA7E9B}" struct-checksum="0x96ba47d8">
      <link type="object" struct-name="db.mgmt.Driver" key="driver">com.mysql.rdbms.mysql.driver.native</link>
      <value type="string" key="hostIdentifier">Mysql@server27.webgo24.de:3306</value>
      <value type="int" key="isDefault">0</value>
      <value _ptr_="0A97C7A0" type="dict" key="modules"/>
      <value _ptr_="0A97C9A0" type="dict" key="parameterValues">
        <value type="string" key="DbSqlEditor:LastDefaultSchema">web234_db3</value>
        <value type="int" key="OPT_READ_TIMEOUT">300</value>
        <value type="string" key="SQL_MODE"></value>
        <value type="string" key="hostName">server27.webgo24.de</value>
        <value type="int" key="lastConnected">1433506200</value>
        <value type="string" key="password"></value>
        <value type="int" key="port">3306</value>
        <value type="string" key="schema"></value>
        <value type="string" key="serverVersion">5.5.43-0+deb7u1</value>
        <value type="string" key="sslCA"></value>
        <value type="string" key="sslCert"></value>
        <value type="string" key="sslCipher"></value>
        <value type="string" key="sslKey"></value>
        <value type="int" key="useSSL">1</value>
        <value type="string" key="userName">web234_3</value>
      </value>
      <value type="string" key="name">SO</value>
      <link type="object" struct-name="GrtObject" key="owner">{D4D5939E-E8ED-4E6A-870A-DDB9F632755A}</link>
    </value>
    <value type="object" struct-name="db.mgmt.Connection" id="{C6F5D2C7-E8EF-4931-860B-E87E3C77DEDF}" struct-checksum="0x96ba47d8">
      <link type="object" struct-name="db.mgmt.Driver" key="driver">com.mysql.rdbms.mysql.driver.native</link>
      <value type="string" key="hostIdentifier">Mysql@127.0.0.1:3306</value>
      <value type="int" key="isDefault">1</value>
      <value _ptr_="0A97C7E0" type="dict" key="modules"/>
      <value _ptr_="0A97CA20" type="dict" key="parameterValues">
        <value type="string" key=""></value>
        <value type="string" key="DbSqlEditor:LastDefaultSchema">web234_db3</value>
        <value type="string" key="SQL_MODE"></value>
        <value type="string" key="hostName">127.0.0.1</value>
        <value type="int" key="lastConnected">1434015984</value>
        <value type="string" key="password"></value>
        <value type="int" key="port">3306</value>
        <value type="string" key="schema"></value>
        <value type="string" key="serverVersion">5.6.24-log</value>
        <value type="string" key="socket"></value>
        <value type="string" key="sslCA"></value>
        <value type="string" key="sslCert"></value>
        <value type="string" key="sslCipher"></value>
        <value type="string" key="sslKey"></value>
        <value type="int" key="useSSL">1</value>
        <value type="string" key="userName">admin</value>
      </value>
      <value type="string" key="name">local_so</value>
      <link type="object" struct-name="GrtObject" key="owner">{D4D5939E-E8ED-4E6A-870A-DDB9F632755A}</link>
    </value>
    <value type="object" struct-name="db.mgmt.Connection" id="{F083FCB8-6DC9-4A88-AD98-CF4707BD5FB9}" struct-checksum="0x96ba47d8">
      <link type="object" struct-name="db.mgmt.Driver" key="driver">com.mysql.rdbms.mysql.driver.native</link>
      <value type="string" key="hostIdentifier">Mysql@127.0.0.1:3306</value>
      <value type="int" key="isDefault">0</value>
      <value _ptr_="0A97C820" type="dict" key="modules"/>
      <value _ptr_="0A97D160" type="dict" key="parameterValues">
        <value type="string" key="SQL_MODE"></value>
        <value type="string" key="hostName">127.0.0.1</value>
        <value type="string" key="password"></value>
        <value type="int" key="port">3306</value>
        <value type="string" key="sslCA"></value>
        <value type="string" key="sslCert"></value>
        <value type="string" key="sslCipher"></value>
        <value type="string" key="sslKey"></value>
        <value type="int" key="useSSL">1</value>
        <value type="string" key="userName">root</value>
      </value>
      <value type="string" key="name">New connection 1</value>
      <link type="object" struct-name="GrtObject" key="owner">{D4D5939E-E8ED-4E6A-870A-DDB9F632755A}</link>
    </value>
  </value>
</data>
