<?xml version="1.0"?>
<data grt_format="2.0">
  <value _ptr_="00CFBCD8" type="list" content-type="object" content-struct-name="db.mgmt.ServerInstance">
    <value type="object" struct-name="db.mgmt.ServerInstance" id="{E0787B16-1236-4E79-8E28-708E95DE6541}" struct-checksum="0x367436e2">
      <link type="object" struct-name="db.mgmt.Connection" key="connection">{229DE65E-EB1F-4345-9A34-D4645AFA7E9B}</link>
      <value _ptr_="0A97AF60" type="dict" key="loginInfo"/>
      <value _ptr_="0A97AFE0" type="dict" key="serverInfo">
        <value type="string" key="serverVersion">5.5.43-0+deb7u1</value>
        <value type="int" key="setupPending">0</value>
        <value type="string" key="sys.sudo"></value>
        <value type="int" key="sys.usesudo">0</value>
        <value type="int" key="sys.usesudostatus">0</value>
      </value>
      <value type="string" key="name">SO</value>
    </value>
    <value type="object" struct-name="db.mgmt.ServerInstance" id="{60BEEFF5-A1F4-4DEB-BDA9-87B3730026B3}" struct-checksum="0x367436e2">
      <link type="object" struct-name="db.mgmt.Connection" key="connection">{C6F5D2C7-E8EF-4931-860B-E87E3C77DEDF}</link>
      <value _ptr_="0A97B660" type="dict" key="loginInfo">
        <value type="string" key="ssh.hostName"></value>
        <value type="string" key="ssh.key">C:\Users\Admin\AppData\Roaming/.ssh/ssh_private_key</value>
        <value type="string" key="ssh.localPort">3306</value>
        <value type="int" key="ssh.useKey">0</value>
        <value type="string" key="ssh.userName">mysql</value>
      </value>
      <value _ptr_="0A97B260" type="dict" key="serverInfo">
        <value type="string" key="serverVersion">5.0</value>
        <value type="int" key="setupPending">0</value>
        <value type="string" key="sys.config.path">%ProgramFiles%\MySQL\MySQL Server 5.0\my.ini</value>
        <value type="string" key="sys.config.section">mysqld</value>
        <value type="string" key="sys.mysqld.service_name">MySQL</value>
        <value type="string" key="sys.mysqld.start">sc start mysql</value>
        <value type="string" key="sys.mysqld.stop">sc stop mysql</value>
        <value type="string" key="sys.sudo"></value>
        <value type="string" key="sys.system">Windows</value>
        <value type="int" key="sys.usesudo">1</value>
        <value type="int" key="windowsAdmin">1</value>
      </value>
      <value type="string" key="name">local_so</value>
    </value>
  </value>
</data>
